algorithm,run_seed,best_stiffness,best_porosity,n_evals_to_90pct,is_feasible,final_hypervolume
SimpleGA,0,214.3902934189889,0.5380178265668256,inf,True,
SimpleGA,1,211.3827285461354,0.5625422517786536,inf,True,
SimpleGA,2,239.7313963990871,0.5257178914807545,72.0,True,
NSGA2,0,260.3859479414688,,200.0,True,12.255430713584882
NSGA2,1,282.3996455472743,,200.0,True,16.776865763116902
NSGA2,2,257.7187937822786,,inf,True,15.38365762754061
BO,0,178.4053168658645,0.5492944241319733,inf,True,
BO,1,286.86234705011987,0.502696522154127,12.0,True,
BO,2,231.09013152007498,0.5707938494671746,inf,False,
